text_id,en,da,nl,sv,no,el,it,de,es,fr
onboarding_to_settings,"In order for the app to personalize the feedback provided to you, we recommend that you input your personal information. Tap 'Settings' to proceed.","For at appen kan tilpasse information til dine individuelle behov, bedes du indtaste dine personlige oplysninger. Tryk på 'Indstillinger' for at fortsætte.",Druk op 'Instellingen' om de app te personaliseren.,"In order for the app to personalize the feedback provided to you, we recommend that you input your personal information. Tap 'Settings' to proceed.","For at appen skal tilpasse tilbakemeldingene du får, anbefaler vi at du legger inn den personlige informasjonen din. Trykk på 'Innstillinger' for å fortsette.","Για να σας δώσει η εφαρμονή μια πιο προσωπική αναφορά, σας συνιστούμε να εισάγετε τα προσωπικά σας δεδομένα. Επιλέξτε ""Ρυθμίσεις"" για να συνεχίσετε","Per permettere alla app di personalizzare i feedback forniti, raccomandiamo di inserire in input le tue informazioni personali. Cliccare ‘Impostazioni’ per procedere","Wenn sich die App Ihre Rückmeldungen anpassen soll, empfehlen wir, dass Sie Ihre persönliche Informationen eingeben. Drücken Sie auf dem 'Dashboard' um weiterzumachen","Para permitirle a la app personalizar el feedback proporcionado a ti, recomendamos que introduzcas tu información personal. Haz click en ""Ajustes"" para continuar. ","Pour que l'app puisse personnaliser le retour qui vous est donné, nous vous recommandons d'entrer vos informations personnelles. Appuyer sur 'Paramètres' pour continuer."
onboarding_to_dashboard,"If you do not feel like doing so, no problem, the app will use predefined values instead. Tap 'Dashboard' to proceed.",Hvis du ikke vil indtaste dine personlige oplysninger vil appen benytte foruddefinerede værdier. Tryk på 'Instrumentbræt' for at fortsætte.,"Als je daar geen behoefte aan hebt, druk dan op 'Dashboard'","If you do not feel like doing so, no problem, the app will use predefined values instead. Tap 'Dashboard' to proceed.","Hvis du ikke har lyst til å gjøre det, er det ikke noe problem, da vil appen bruke forhåndsdefinerte verdier i stedet. Trykk på 'Dashbord' for å fortsette.","Αν δεν αισθάνεστε άνετα με αυτό, κανένα πρόβλημα, η εφαρμογή θα χρησιμοποιήσει προκαθορισμένες τιμές. Επιλέξτε ""Πίνακας"" για να συνεχίσετε.","Se preferisci non fare così, non ti preoccupare, la app utilizzerà i valori predefiniti. Selezionare ‘Dashboard’ per continuare","Wenn das Ihnen nicht gefällt, ist es kein Problem, da die App stattdessen vorher definierten Werte verwendet. Drücken Sie auf dem 'Dashboard' um weiterzumachen.","Si prefieres no proveer tu información personal, no te preocupes, la app utilizará valores predeterminados. Haz click en ""Tablero"" para continuar.","Si vous ne voulez pas le faire, pas de problème, l'app utilisera des valeurs prédéfinies à la place. Appuyer sur 'Tableau de bord' pour continuer."
about_read_more,"Read more on the official website: <a href=""http://www.jpi-climate.eu/nl/25223441-ClimApp.html"">http://www.jpi-climate.eu/nl/</a>.","Læs mere på den officielle hjemmeside: <a href=""http://www.jpi-climate.eu/nl/25223441-ClimApp.html"">http://www.jpi-climate.eu/nl/</a>.","Lees meer op de officiele website <a href=""http://www.jpi-climate.eu/nl/25223441-ClimApp.html"">http://www.jpi-climate.eu/nl/</a>.","Read more on the official website: <a href=""http://www.jpi-climate.eu/nl/25223441-ClimApp.html"">http://www.jpi-climate.eu/nl/</a>.","Les mer på det offisielle nettstedet: <a href=""http://www.jpi-climate.eu/nl/25223441-ClimApp.html"">http://www.jpi-climate.eu/nl/</a>.","Διαβάστε περισσότερα στην επίσημη ιστοσελίδα: <a href=""http://www.jpi-climate.eu/nl/25223441-ClimApp.html"">http://www.jpi-climate.eu/nl/</a>.","Maggiori informazioni sul sito ufficiale: <a href=""http://www.jpi-climate.eu/nl/25223441-ClimApp.html"">http://www.jpi-climate.eu/nl/</a>.","Erfahren Sie mehr auf dem offiziellen Homepage:  <a href=""http://www.jpi-climate.eu/nl/25223441-ClimApp.html"">http://www.jpi-climate.eu/nl/</a>.","Para mayor información, visita el sitio web oficial: <a href=""http://www.jpi-climate.eu/nl/25223441-ClimApp.html"">http://www.jpi-climate.eu/nl/</a>","En savoir plus sur le site internet : <a href=""http://www.jpi-climate.eu/nl/25223441-ClimApp.html"">http://www.jpi-climate.eu/nl/</a>."
about_acknowledge_flaticon,"Activity level icons made by <a href=""http://www.freepik.com/"">Freepik</a> on the webpage <a href=""www.flaticon.com"">Flaticon</a>","Ikoner for aktiviteter lavet af <a href=""http://www.freepik.com/"">Freepik</a> hentet fra hjemmesiden <a href=""www.flaticon.com"">Flaticon</a>","Activity level icons made by <a href=""http://www.freepik.com/"">Freepik</a> on the webpage <a href=""www.flaticon.com"">Flaticon</a>","Activity level icons made by <a href=""http://www.freepik.com/"">Freepik</a> on the webpage <a href=""www.flaticon.com"">Flaticon</a>","Ikoner for aktivitetsnivå laget av <a href=""http://www.freepik.com/""> Freepik </a> hentet fra hjemmesiden <a href=""www.flaticon.com""> Flaticon </a>","Τα εικονίδια για το επίπεδο της δραστηριότητας φτιάχτηκαν από <a href=""http://www.freepik.com/"">Freepik</a> from <a href=""www.flaticon.com"">Flaticon</a>","Le icone per i livelli di attività sono state create da <a href=""http://www.freepik.com/"">Freepik</a> e sono presenti sulla pagina web <a href=""www.flaticon.com"">Flaticon</a>","Die Ikone der Aktivitätsniveau wurden von der folgenden hergestellt: <a href=""http://www.freepik.com/""> Freepik </a> fra <a href=""www.flaticon.com""> Flaticon </a>","Íconos de nivel de actividad hechos por <a href=""http://www.freepik.com/"">Freepik</a> on the webpage <a href=""www.flaticon.com"">Flaticon</a>","Icônes de niveau d'activité réalisées par <a href=""http://www.freepik.com/"">Freepik</a> from <a href=""www.flaticon.com"">Flaticon</a>"
about_acknowledge_fontawesome,"Weather and navigation bar icons from <a href=""https://fontawesome.com/"">FontAwesome</a>","Vejr- og navigationsikoner fra <a href=""https://fontawesome.com/"">FontAwesome</a>.","Weather and navigation bar icons from <a href=""https://fontawesome.com/"">FontAwesome</a>","Weather and navigation bar icons from <a href=""https://fontawesome.com/"">FontAwesome</a>","Vær- og navigasjonsfeltikoner fra <a href=""https://fontawesome.com/""> FontAwesome </a>",Τα εικονίδια του καιρού και της μπάρας προήγησης από,"Icone barre meteo e di navigazione da <a href=""https://fontawesome.com/"">FontAwesome</a>","Wetter- und Navigationsikone von: <a href=""https://fontawesome.com/""> FontAwesome </a>","Íconos del clima y barra de navegación por <a href=""https://fontawesome.com/"">FontAwesome</a>","Icônes de météo et barre de navigation par <a href=""https://fontawesome.com/"">FontAwesome</a>"
about_acknowledge_human_heat_exchange,"Universal Thermal Climate Index data are calculated with the <a href=""https://www.humanheat.exchange/index.php"">Human Heat Exchange API</a>","Universal Thermal Climate Index data are calculated with the <a href=""https://www.humanheat.exchange/index.php"">Human Heat Exchange API</a>","Universal Thermal Climate Index data are calculated with the <a href=""https://www.humanheat.exchange/index.php"">Human Heat Exchange API</a>","Universal Thermal Climate Index data are calculated with the <a href=""https://www.humanheat.exchange/index.php"">Human Heat Exchange API</a>","Universal Thermal Climate Index data are calculated with the <a href=""https://www.humanheat.exchange/index.php"">Human Heat Exchange API</a>","Universal Thermal Climate Index data are calculated with the <a href=""https://www.humanheat.exchange/index.php"">Human Heat Exchange API</a>","Universal Thermal Climate Index data are calculated with the <a href=""https://www.humanheat.exchange/index.php"">Human Heat Exchange API</a>","Universal Thermal Climate Index data are calculated with the <a href=""https://www.humanheat.exchange/index.php"">Human Heat Exchange API</a>","Universal Thermal Climate Index data are calculated with the <a href=""https://www.humanheat.exchange/index.php"">Human Heat Exchange API</a>","Universal Thermal Climate Index data are calculated with the <a href=""https://www.humanheat.exchange/index.php"">Human Heat Exchange API</a>"
about_acknowledge_openweathermap,"Weather data is obtained from <a href=""https://www.openweathermap.org"">openweathermap.org</a>","Weather data is obtained from <a href=""https://www.openweathermap.org"">openweathermap.org</a>","Weather data is obtained from <a href=""https://www.openweathermap.org"">openweathermap.org</a>","Weather data is obtained from <a href=""https://www.openweathermap.org"">openweathermap.org</a>","Weather data is obtained from <a href=""https://www.openweathermap.org"">openweathermap.org</a>","Weather data is obtained from <a href=""https://www.openweathermap.org"">openweathermap.org</a>","Weather data is obtained from <a href=""https://www.openweathermap.org"">openweathermap.org</a>","Weather data is obtained from <a href=""https://www.openweathermap.org"">openweathermap.org</a>","Weather data is obtained from <a href=""https://www.openweathermap.org"">openweathermap.org</a>","Weather data is obtained from <a href=""https://www.openweathermap.org"">openweathermap.org</a>"
about_josh_foster,Dr. Josh Foster helped us out with the decision tree when ventilator use is beneficial in warm conditions,Dr. Josh Foster helped us out with the decision tree when ventilator use was beneficial in warm conditions,Dr. Josh Foster helped us out with the decision tree when ventilator use was beneficial in warm conditions,Dr. Josh Foster helped us out with the decision tree when ventilator use was beneficial in warm conditions,Dr. Josh Foster helped us out with the decision tree when ventilator use was beneficial in warm conditions,Dr. Josh Foster helped us out with the decision tree when ventilator use was beneficial in warm conditions,Dr. Josh Foster helped us out with the decision tree when ventilator use was beneficial in warm conditions,Dr. Josh Foster helped us out with the decision tree when ventilator use was beneficial in warm conditions,Dr. Josh Foster helped us out with the decision tree when ventilator use was beneficial in warm conditions,Dr. Josh Foster helped us out with the decision tree when ventilator use was beneficial in warm conditions
about_nick_ravanelli,Dr. Nicholas Ravanelli helped us out with providing access to the Human Heat Exchange API,Dr. Nicholas Ravanelli helped us out with providing access to the Human Heat Exchange API,Dr. Nicholas Ravanelli helped us out with providing access to the Human Heat Exchange API,Dr. Nicholas Ravanelli helped us out with providing access to the Human Heat Exchange API,Dr. Nicholas Ravanelli helped us out with providing access to the Human Heat Exchange API,Dr. Nicholas Ravanelli helped us out with providing access to the Human Heat Exchange API,Dr. Nicholas Ravanelli helped us out with providing access to the Human Heat Exchange API,Dr. Nicholas Ravanelli helped us out with providing access to the Human Heat Exchange API,Dr. Nicholas Ravanelli helped us out with providing access to the Human Heat Exchange API,Dr. Nicholas Ravanelli helped us out with providing access to the Human Heat Exchange API
about_climapp_team,"The entire app is made possible by all contributions by the ClimApp Team
","The entire app is made possible by all contributions by the ClimApp Team
","The entire app is made possible by all contributions by the ClimApp Team
","The entire app is made possible by all contributions by the ClimApp Team
","The entire app is made possible by all contributions by the ClimApp Team
","The entire app is made possible by all contributions by the ClimApp Team
","The entire app is made possible by all contributions by the ClimApp Team
","The entire app is made possible by all contributions by the ClimApp Team
","The entire app is made possible by all contributions by the ClimApp Team
","The entire app is made possible by all contributions by the ClimApp Team
"
forecast_desc_heat,The forecast of your personal expected heat stress is shown below,Udsigt for kommende timer med dit personlige varmestress er vist nedenunder.,The forecast of your personal expected heat stress is shown below,The forecast of your personal expected heat stress is shown below,Prognosen for din personlige forventede varmestress vises nedenfor.,Η πρόγνωση της αναμενόμενης προσωπικής σας θερμικής καταπόνησης φαίνεται παρακάτω.,La previsione del tuo personale stress termico è mostrato qui sotto.,Die Prognose Ihrer erwarteten Hitzebelastung wird hierunten vorgezeigt.,El pronóstico de tu estrés por calor personal esperado se muestra abajo,La prévision de votre stress hyperthermique personnel attendu est montré ci-dessous.
forecast_desc_cold,The forecast of your personal expected cold stress is shown below,-,The forecast of your personal expected cold stress is shown below,The forecast of your personal expected cold stress is shown below,-,-,-,-,El pronóstico de tu estrés por frío personal esperado se muestra abajo,-
forecast_disclaimer,The bandwidth corresponds to uncertainty for the heat of the sun due to clouds.,Bredere områder indikerer forventet variation i varmebelastningen pga. skyer.,The bandwidth corresponds to uncertainty for the heat of the sun due to clouds.,The bandwidth corresponds to uncertainty for the heat of the sun due to clouds.,De bredere områdene svarer til usikkerheten for solvarmen på grunn av skyer.,Το εύρος ζώνης αντιστοιχεί στην αβεβαιότητα για τη θερμότητα του ήλιου που λόγω των συννέφων.,La larghezza della barra corrisponde all’incertezza sul calore del sole dovuto alle nuvole.,Die Bandbreite enspricht die Unsicherheit der Hitze von der Sonne wegen der Wolken.,El ancho de banda corresponde a la incertidumbre producida por el calor del sol debido a la nubosidad del cielo ,La largeur de la bande correspond à l'incertitude sur la chaleur du soleil à cause des nuages.
feedback_tap_adjust,Tap the buttons to adjust the gauge to your thermal experience.,"Tryk på knapperne for at tilpasse indikator så det svarer til, hvordan du oplever vejret.",Tap the buttons to adjust the gauge to your thermal experience.,Tap the buttons to adjust the gauge to your thermal experience.,Trykk på knappene for å justere måleren til din termiske opplevelse.,Πατήστε τα κουμπιά για να προσαρμόσετε το μετρητή στις θερμικές σας συνθήκες,Premi i pulsanti per regolare alla tua esperienza termica il misuratore.,Drücken Sie auf die Knöpfe um den Messer an Ihre thermische Erlebnis zu passen.,Haz click en los botones para ajustar el medidor a tu experiencia térmica.,Appuyer sur les boutons pour ajuster le niveau à votre expérience thermique.
feedback_adaptation_score,Your personal adaptation score,Din personlige tilpasningsfaktor,Your personal adaptation score,Your personal adaptation score,Din personlige tilpasningsscore,Το προσωπικό σου σκορ προσαρμογής,Il tuo punteggio personale di adattamento,Ihre persönliche Anpassungspunktzahl,Tu puntaje de adaptación personal,Votre score personnel d'adaptation
disclaimer_under_development,Several new features will be implemented over the course of the next two years. Therefore all users should be informed that frequent updates and changes to the layout and content might occur.,"Denne applikation er stadig under udvkling. Nye funktionaliteter vil blive tilføjet i løbet af de næste to år. Af denne årsag informerer vi brugeren om, at hyppige opdateringer og ændringer til indhold og design kan forekomme.",Several new features will be implemented over the course of the next two years. Therefore all users should be informed that frequent updates and changes to the layout and content might occur.,Several new features will be implemented over the course of the next two years. Therefore all users should be informed that frequent updates and changes to the layout and content might occur.,Denne applikasjonen er fortsatt under utvikling. Flere nye funksjoner blir implementert i løpet av de neste to årene. Derfor informeres brukere om at hyppige oppdateringer og endringer i layout og innhold kan forekomme.,Η εφαρμογή βρίσκεται ακόμα υπό ανάπτυξη. Κάποια καινούργια στοιχεία θα εφαρμοστούν κατά τη διάρκεια των επόμενων δύο χρόνων. Γι' αυτό όλοι οι χρήστες θα πρέπει να πληροφορηθούν ότι συχνές αλλαγές και ενημερώσεις μπορεί να γίνουν στη διάταξη και το περιεχόμενο.,Questa applicazione è ancora in fase di sviluppo. Molte nuove funzionalità saranno implementate durante i prossimi due anni. Informiamo pertanto tutti gli utenti che potrebbero essere effettuati frequenti aggiornamenti e cambi al layout ed al contenuto,"Diese Applikation ist weiterhin in Entwicklung. Mehere neue Funktionen werden im Laufe der nächsten zwei Jahren implementiert. Deswegen wird der Benutzer darum informiert, dass häufige Aktualisierungen und Änderungen in Layout und Inhalt vorkommen können.","Se implementarán varias características nuevas en el transcurso de los próximos dos años. Por lo tanto, todos los usuarios deben estar informados de que pueden ocurrir actualizaciones frecuentes y cambios en el diseño y el contenido.","Cette application est encore en cours de développement. De nombreuses nouvelles fonctionnalités seront ajoutées au cours des deux prochaines années. Par conséquent, tous les utilisateurs doivent être informés que des mises à jour fréquentes et des changements de la mise en page et du contenu peuvent avoir lieu."
disclaimer_era4cs,"The European Research Area for Climate Services (ERA4CS) and its partners assume no responsibility or liability for any errors or omissions in the content of this application. The information contained in this app is provided on an “as is” basis with no guarantees of completeness, accuracy, usefulness or timeliness.","Det Europæiske Forskningsområde for Klimaservices (ERA4CS) og dennes partnere tager intet ansvar for fejl eller mangler i indholdet af denne app. Informationen er givet på en ""as-is"" basis uden garanti for fuldkommenhed, nøjagtighed, brugbarhed eller aktualitet.","The European Research Area for Climate Services (ERA4CS) and its partners assume no responsibility or liability for any errors or omissions in the content of this application. The information contained in this app is provided on an “as is” basis with no guarantees of completeness, accuracy, usefulness or timeliness.","The European Research Area for Climate Services (ERA4CS) and its partners assume no responsibility or liability for any errors or omissions in the content of this application. The information contained in this app is provided on an “as is” basis with no guarantees of completeness, accuracy, usefulness or timeliness.","Det europeiske forskningsområdet for klimatjenester (ERA4CS) og dets partnere påtar seg intet ansvar for eventuelle feil eller mangler i innholdet i denne applikasjonen. Informasjonen i denne appen blir gitt på en ""as-is"" basis uten garantier for fullstendighet, nøyaktighet, brukbarhet eller aktualitet.","Ο Ευρωπαϊκός Ερευνητικός Χώρος για τις Κλιματικές Υπηρεσίες (ERA4CS) και οι συνεργάτες τους δεν έχουν καμία ευθύνη για τα όποια λάθη ή παραλείψεις στο περιεχόμενο της εφαρμογής. Οι πληροφορίες που περιέχονται σε αυτήν την εφαρμογή παρέχονται ""ως έχουν"" χωρίς εγγυήσεις πληρότητας, ακρίβειας, χρησιμότητας ή επικαιρότητας.","L’area di ricerca europea per i servizi climatici (ERA4CS) e i suoi partner non si assume alcuna responsabilità od obbligazione per ogni errore od omissione nel contenuto di questa applicazione. Le informazioni contenute in questa app sono fornite “così come sono” senza alcuna garanzia di completezza, accuratezza, utilità o tempismo.","Das ""European Research Area for Climate Services"" (ERA4CS) und seine Partner nehmen keine Verantwortung für eventuelle Fehler und Mängel im Inhalt dieser Applikationen an. Die Informationen in dieser App werden auf ein ""as-is""-basis ohne Garantien für Vollständigkeit, Genauigkeit, Verwenbarkeit oder Aktualität gegeben","El Área Europea de Investigación para los Servicios Climáticos (ERA4CS) y sus socios no asumen ninguna responsabilidad u obligación por cualquier error u omisión en el contenido de esta aplicación. La información contenida en esta app se proporciona ""tal como está"", sin garantías de integridad, exactitud, utilidad u oportunidad.","Le centre européen de recherche pour les services climatiques (ERA4CS) et ses partenaires ne prennent aucune responsabilité ou engagement en cas d'erreurs ou d'omissions dans le contenu de cette application. Les informations contenues dans cette app sont fournies telles qu'elles sans garantie d'exhaustivité, d'exactitude, d'utilité ou de ponctualité."
disclaimer_privacy_policy,"Please read our <a href=""https://www.privacypolicies.com/privacy/view/cccfc859c42cbe1295b46869a4f81618"" target=""_blank"">privacy statement","Læs venligst vores <a href=""https://www.privacypolicies.com/privacy/view/cccfc859c42cbe1295b46869a4f81618"" target=""_blank""> privatlivspolitik (Engelsk).","Please read our <a href=""https://www.privacypolicies.com/privacy/view/cccfc859c42cbe1295b46869a4f81618"" target=""_blank"">privacy statement","Please read our <a href=""https://www.privacypolicies.com/privacy/view/cccfc859c42cbe1295b46869a4f81618"" target=""_blank"">privacy statement","Vennligst les <a href=""https://www.privacypolicies.com/privacy/view/cccfc859c42cbe1295b46869a4f81618"" target=""_blank""> personvernerklæringen","Παρακαλούμε να διαβάσετε τη <a href=""https://www.privacypolicies.com/privacy/view/cccfc859c42cbe1295b46869a4f81618"" target=""_blank""> δήλωση για την προστασία των προσωπικών δεδομένων.","Si prega di leggere la nostra <a href=""https://www.privacypolicies.com/privacy/view/cccfc859c42cbe1295b46869a4f81618"" target=""_blank"">informativa sulla privacy","Lesen Sie bitte unsere <a href=""https://www.privacypolicies.com/privacy/view/cccfc859c42cbe1295b46869a4f81618"" target=""_blank"">Privatlebenerklärung","Por favor lee nuestra <a href=""https://www.privacypolicies.com/privacy/view/cccfc859c42cbe1295b46869a4f81618"" target=""_blank"">declaración de privacidad","Veuillez lire notre <a href=""https://www.privacypolicies.com/privacy/view/cccfc859c42cbe1295b46869a4f81618"" target=""_blank"">déclaration de confidentialité"
details_wbgt_desc_1,The expected effective WBGT,Den forventede effektive WBGT,The expected effective WBGT,The expected effective WBGT,Den forventede effektive WBGT,Το αναμενόμενο ισχύων,L'effettiva WBGT attesa,Die erwartete effektive WBGT,El esperado WBGT efectivo,La WBGT effective prévue
details_wbgt_desc_2,and based on your activity level the Recommended Alert Limit is,og baseret på dit aktivitetsniveau er den anbefalede alarmgrænse,and based on your activity level the Recommended Alert Limit is,and based on your activity level the Recommended Alert Limit is,og basert på aktivitetsnivået ditt er anbefalt varselgrense,και με βάση το επίπεδο της δραστηριότητά σας το Προτεινόμενο Όριο Ασφαλείας είναι,e il Limite d’Allerta Suggerito basato sul tuo livello di attività è,und basiert auf Ihrer Aktivitätsebene empfehlen wir eine Warnungsgrenze,"y basado en tu nivel de actividad, el límite de alerta recomendado es","et basée sur votre niveau d'activité, la limite d'alerte recommandée est"
details_phs_desc_1,"Given your metabolic rate, clothing and thermal environment your body core temperature is expected to exceed 38&#xb0;C in ","Givet din aktivitet, det tøj du har på og de omgivelser du befinder dig i, vil din krops kernetemperatur overstige 38&#xb0;C om","Given your metabolic rate, clothing and thermal environment your body core temperature is expected to exceed 38&#xb0;C in ","Given your metabolic rate, clothing and thermal environment your body core temperature is expected to exceed 38&#xb0;C in ","Med stoffskiftet, klærne og det termiske miljøet ditt forventes kroppstemperaturen din å overstige 38#xb0;C om","Δεδομένου του ρυθμού μεταβολισμού, του επιπέδου ένδυσης και του θερμικού περιβάλλοντος, η θερμοκρασία του πυρήνα του σώματος σας αναμένεται να ξεπεράσει τους 38&#xb0;C σε","Dato il tuo tasso metabolico, il tuo abbigliamento e l’ambiente termico, la tua temperatura corporea interna dovrebbe superare i 38&#xb0;C","Von Ihren Stoffwechsel, Kleider und  thermischen Umgebung wird es Ihrer Körpertemperatur erwartet eine Temperatur von 38&#xb0;C innerhalb von","Dada tu tasa metabólica, vestimenta y ambiente térmico, se espera que la temperatura central de tu cuerpo supere 38&#xb0; en C","Etant donnés votre métabolisme, vêtements et environnement thermique, il est prévu que votre température corporelle dépasse 38&#xb0;C dans"
details_phs_desc_2,minutes. Your sweat rate is approximately,minutter.Din svedrate er ca.,minutes. Your sweat rate is approximately,minutes. Your sweat rate is approximately,minutter. Svettehastigheten din er omtrent,λεπτά. Ο βαθμός που ιδρώνετε είναι περίπου,minuti. Il tuo tasso di sudorazione è approssimativamente,Minuten zu überschreiten. Ihre Schweißgeschwindigkeit ist ungfähr,minutos. Tu tasa de sudoración es aproximadamente,minutes. Votre taux de transpiration est d'environ
details_phs_desc_3,liter per hour.,liter per time.,liter per hour.,liter per hour.,liter per time.,λίτρα την ώρα.,litri all'ora,Liter per Stunde,litros por hora.,litre par heure.
details_windchill_desc_1,The Windchill index is ,Windchill indekset er,The Windchill index is ,The Windchill index is ,Windchill indekset er,Το Windchill index είναι,L'indice di Windchill è,Der Windchill-Index ist,El índice Windchill es,L'index de refroidissement éolien est
details_windchill_desc_2,which means that there is ,", hvilket betyder at der er",which means that there is ,which means that there is ,som betyr at det er det,το οποίο σημαίνει ότι είναι,che significa che è presente,"was bedeutet, dass es ",lo que significa que hay,ce qui signifie qu'il y a 
details_ireq_desc,In cold weather it is important to:,I koldt vejr er det vigtigt at:,In cold weather it is important to:,In cold weather it is important to:,I kaldt vær er det viktig å:,Σε κρύο καιρό είναι σημαντικό να:,Quando il tempo è freddo è importante:,In kaltes Wetter ist es wichtig zu:,En climas frios es importante:,Par temps froid il est important de :
details_ireq_desc_list1,"keep your clothes dry, wet clothing cools you down faster,","holde dit tøj tørt, vådt tøj nedkøler dig hurtigere,","keep your clothes dry, wet clothing cools you down faster,","keep your clothes dry, wet clothing cools you down faster,","hold klærne tørre, våte klær kjøler deg raskere ned,","κρατήστε τα ρούχα σας στεγνά, τα βρεγμένα ρούχα σας κρυώνουν γρηγορότερα","mantenere i vestiti asciutti, i vestiti bagnati abbassano più velocemente la tua temperatura,","Kleider trocken halten, nasse Kleider kühlen Sie schneller ab,","manten tu vestimenta seca, la ropa mojada te enfria más rápido","garder vos vêtements secs, des vêtements mouillés vous refroidissent plus rapidement,"
details_ireq_desc_list2,"do not underdress,",sørg for ikke at tage for lidt tøj på,"do not underdress,","do not underdress,",huske å ha på nokk klær,μη φοράτε λιγότερα ρούχα,"non vestirsi troppo poco,",tragen Sie genügend Klamotten,no te vistas con poca ropa,"porter suffisamment de vêtements,"
details_ireq_desc_list3,"do not overdress, sweating can make your clothes wet.","sørg for ikke at tage for meget tøj på, når du sveder bliver dit tøj vådt.","do not overdress, sweating can make your clothes wet.","do not overdress, sweating can make your clothes wet.","ikke ha på for mye klær, svette kan gjøre klærne våte.","μη φοράτε περισσότερα ρούχα, τα ροούχα σας θα βραχούν καθώς ιδρώνετε","non vestirsi troppo, la sudorazione rende i vestiti bagnati.","tragen Sie nicht zu viele Kleider, Schweiß macht die Kleider nass.","no te vistas con demasiada ropa, la sudoración puede mojar la ropa que llevas puesta","ne pas porter trop de vêtements, trasnpirer peut mouiller vos vêtements."
details_ireq_clo_1,For your,Med dit,For your,For your,For din,Για σας,Per il tuo,Für Ihre ,Para tu,Pour votre
details_ireq_clo_2,"activity level, you should aim to keep the clothing level between",aktivitetsniveau anbefales det at du har tøj på mellem,"activity level, you should aim to keep the clothing level between","activity level, you should aim to keep the clothing level between","aktivitetsnivå, bør du prøve å holde klesnivået mellom","η ένταση της δραστηριότητας, πρέπει να στοχεύσετε να κρατήσετε το επιπεδο του ρουχισμού μεταξύ","livello di attività, dovresti cercare di mantenere il livello di abbigliamento tra","Aktivitätsebene sollten Sie versuchen, die Kleidungsebene zwischen","nivel de actividad, deberías mantener tu nivel de vestimenta entre","niveau d'activité, vous devriez garder votre niveau de protection vestimentaire entre"
details_ireq_clo_3,clo and,clo og,clo and,clo and,clo og,και,clo e,clo und,clo y,clo et
details_ireq_clo_dle_1,"The heat loss limit is reached in 
",Ved minimal mængde tøj er det forventet at din kernetemperatur,"The heat loss limit is reached in 
","The heat loss limit is reached in 
",Med det minimale klesnivået forventes kjernetemperaturen din,Με το ελάχιστο επίπεδο ρουχισμού η θερμοκρασία σας αναμένεται,Con il livello di abbigliamento minimo la tua temperatura corporea interna dovrebbe essere,Mit der minimalen Kleidungsebene wird dein Körpertemperatur erwartet,El límite de pérdida de calor es alcanzado en,Avec le niveau de protection vestimentaire minimal votre température corporelle attendue est
details_ireq_clo_dle_2,minutes,minutter,minutes,minutes,minutter,λεπτά,minuti,Minuten,minutos,minutes
details_neutral,Based on your activity level there is no indication for heat or cold stress when you are dressed in casual office clothing.,"Baseret på dit aktivitetsniveau er der ingen indikation af varme- eller kuldestress, når du har tøj der minder om afslappet kontortøj på.",Based on your activity level there is no indication for heat or cold stress when you are dressed in casual office clothing.,Based on your activity level there is no indication for heat or cold stress when you are dressed in casual office clothing.,Basert på aktivitetsnivået ditt er det ingen indikasjoner på varme eller kulde stress når du er kledd i casual office-klær.,Με βάση το επίπεδο της δραστηριότητας δεν υπάρχει ένδειξη για θερμική ή ψυχρή καταπόνηση όταν είστε ντυμένος/η με την συνηθισμένη ένδυση για το γραφείο,"Basandosi sul tuo livello di attività, non sono presenti indicazioni riguardo agli stress da caldo o da freddo quando viene indossato abbigliamento da ufficio casual.","Basiert auf Ihre Aktivitätsebene gibt es keine Indikationen auf Hitze- oder Kältebelastung, wenn Sie lässige Bürokleidung tragen.","Según tu nivel de actividad, no hay indicios de estrés por calor o frío cuando estás usando ropa casual de oficina.","Etant donné votre niveau d'activité, il n'y a pas d'indication de stress hyper ou hypothermique quand vous portez une tenue de travail décontractée."
intro_nav_1,Dashboard introduction,Introduktion til dit dashboard,Dashboard introduction,Dashboard introduction,Dashbord introduktion,Εισαγωγή στον πίνακα,Introduzione alla dashboard,Dashboard Introduktion,Introducción al tablero,Introduction du tableau de bord
intro_nav_2,"To familiarise you with the app, we will introduce the different elements on the dashboard","For at gøre dig bedre kendt med ClimApp, introduceres de forskellige elementer på dit dashboard","To familiarise you with the app, we will introduce the different elements on the dashboard","To familiarise you with the app, we will introduce the different elements on the dashboard","For å gjøre deg kjent med appen, presenterer vi de forskjellige elementene på dashbordet","Για να εξοικειωθείτε με την εφαρμογή, θα σας εισάγουμε στα διαφορετικά στοιχεία του πίνακα","Per famigliarizzare con la app, 
ti introdurremo i diversi elementi sulla dashboard","Üm Sie mit der App bekannt zu machen, präsentieren wir die verschiedene Elementen auf dem Dashboard","Para familiarizarte con la aplicación, presentaremos los diferentes elementos en el tablero","Pour vous familiariser avec l'app, nous allons vous présenter les différents éléments sur le tableau de bord"
intro_nav_3,From the navigation bar below you can switch between the different screens of the app,Fra navigationspaneletnedenunder kan man skifte mellem de forskellige sider i appen,From the navigation bar below you can switch between the different screens of the app,From the navigation bar below you can switch between the different screens of the app,Fra navigasjonsfeltet nedenfor kan du veksle mellom de forskjellige skjermene til appen,Από την μπάρα πλοήγησης παρακάτωμπορείτε να μεταβείτε στις διαφορετικές οθόνες της εφαρμογής,"Dalla barra di navigazione qua sotto, puoi navigare tra le differenti
schermate della app",Vom Navigationsfeld hierunten können Sie zwischen die verschiedenen Schirmen der App wechseln,"Desde la barra de navegación abajo, puedes cambiar entre las diferentes pantallas de la aplicación",A partir de la barre de navigation ci-dessous vous pouvez basculer entre les différents écrans de l'app
intro_gauge,The gauge indicates the expected level of heat or cold stress on a scale from -4 to 4,Hjulet indikerer det forventede varme- eller kuldestress på en skala fra 4 til -4,The gauge indicates the expected level of heat or cold stress on a scale from -4 to 4,The gauge indicates the expected level of heat or cold stress on a scale from -4 to 4,Måleren indikerer det forventede nivået på varme eller kulde på en skala fra -4 til 4,Το εύρος δείχνει το αναμενόμενο επίπεδο θερμικής ή ψυχρής καταπόνησης σε μια κλίμακα από -4 έως 4,"Il misuratore indica il livello previsto 
di stress termico da caldo o da freddo su una scala da -4 a 4",Der Messer zeigt die erwartete Ebene der Hitze oder Kälte auf einer Skala von -4 bis 4 an. ,El medidor indica el nivel esperado de estrés por calor o frío en una escala de -4 a 4,La jauge indique le niveau de stress hyper ou hypothermique attendu sur une échelle de -4 à 4
intro_range,This area provides basic information about the current weather.,Dette område giver generel information om det aktuelle vejr.,This area provides basic information about the current weather.,This area provides basic information about the current weather.,Dette området gir grunnleggende informasjon om det nåværende været.,Αυτή η περιοχή παρέχει βασικές πληροφορίες για τον τωρινό καιρό,"Questa area fornisce informazioni di base riguardo al meteo
corrente",Dieser Bereich gibt grundlegende Information über das jetzige Wetter.,Esta área proporciona información básica sobre el clima actual.,Cette zone fournit des informations de base sur la météo actuelle.
intro_details_1,Press <i>more info</i> to learn how to cope with the conditions and get detailed information,Tryk på <i>mere info</i> for at læse mere.,Press <i>more info</i> to learn how to cope with the conditions and get detailed information,Press <i>more info</i> to learn how to cope with the conditions and get detailed information,Trykk på <i>mer informasjon</i> for å lese mer.,Επιλέξτε <i>περισσότερες πληροφορίες</i> για να διαβάσετε περισσότερα.,Clicca <i>ulteriori informazioni</i> per saperne di più.,Drücken Sie auf <i>mehrere Information</i> um mehr zu erfahren.,Presiona aquí <i>more info</i> para leer más.,Appuyer sur <i>plus d'infos</i> pour en savoir plus.
intro_wheels_1,"This bar allows you to set your estimated activity level, clothing level and whether you are wearing any head gear. This allows for the app to better adapt to your situation.","I dette område bedes du angive bedste estimat afdit aktivitetsniveau, det tøj du har på og hvorvidt du har hovedbeklædning på. Dette tilpasser appen bedre til din situation.","This bar allows you to set your estimated activity level, clothing level and whether you are wearing any head gear. This allows for the app to better adapt to your situation.","This bar allows you to set your estimated activity level, clothing level and whether you are wearing any head gear. This allows for the app to better adapt to your situation.","Denne linjen lar deg angi ditt estimerte aktivitetsnivå, klesnivå og om du har på deg hodeplagg. Dette gjør det mulig for appen å tilpasse seg bedre til din situasjon.","Αυτή η μπάρα επιτρέπει να θέσετε το εκτιμώμενο επίπεδο της δραστηριότητάς σας, το επίπεδο ένδυσης και αν φοράτε κάτι στο κεφάλι. Αυτό επιτρέπει στην εφαρμογή να προσαρμοστεί στην κατάστασή σας.","Questa barra permette di selezionare
la stima del tuo livello di attività, di abbigliamento e se indossi un qualche tipo di copricapo. Questo permette alla app di adattarsi meglio alla tua situazione.","Diese Linie lässt Ihnen Ihre geschätzte Aktivitätsebene, Kleidungebene und ob Sie Kopfbedeckung tragen eingeben. Dieses ermöglicht der App sich besser an Ihre Situation anzupassen.","Esta barra te permite poner tu nivel de actividad estimado, el nivel de ropa que tienes y si llevas puesto algún protector de cabeza. Esto permite que la aplicación se adapte mejor a tu situación.","Cette barre vous permet de saisir votre niveau d'activité estimé, niveau de protection vestimentaire et si vous portez un chapeau. Cela permet à l'app de mieux s'adapter à votre situation."
intro_wheels_2,You switch between the different categories by clicking on the headers.</p><p>You can read more about the different levels in the description at the bottom.,Du kan skifte mellem de forskellige kategorier ved at klikke på fanerne</p><p>Nederst kan læse mere om de forskellige niveauer.,You switch between the different categories by clicking on the headers.</p><p>You can read more about the different levels in the description at the bottom.,You switch between the different categories by clicking on the headers.</p><p>You can read more about the different levels in the description at the bottom.,Du veksler mellom de forskjellige kategoriene ved å klikke på overskriftene. </p> <p> Du kan lese mer om de forskjellige nivåene i beskrivelsen nederst.,Αλλάζετε μεταξύ των διάφορων κατηγοριών κάνοντας κλικ στις κεφαλίδες. </ P> <p> Μπορείτε να διαβάσετε περισσότερα για τα διάφορα επίπεδα στην περιγραφή στο κάτω μέρος.,"Puoi passare da una categoria all'altra cliccando sulle
diverse intestazioni.</p><p>Puoi avere maggiori informazioni riguardo ai diversi livelli nelle descrizioni in basso.",Sie wechseln zwischen die verschiedenen Kategorien beim Klicken der Überschriften. </p> <p> Sie können mehr über die verschiedenen Ebenen in der Beschreibung am unten erfahren.,Puedes cambiar entre las diferentes categorías haciendo clic en los encabezados. </p> <p> Puedes leer más sobre los diferentes niveles en la descripción en la parte inferior.,Vous pouvez passer d'une catégorie à l'autre en cliquant sur les en-têtes.</p><p>Vous pouvez en lire plus sur les différents niveaux dans la description en bas.
dash_tip_green,The green level means that low thermal stress is forecasted.,"Når din score ligger i det grønne område indikerer det, at det forventede termiske stress er lavt.",The green level means that low thermal stress is forecasted.,The green level means that low thermal stress is forecasted.,Det grønne nivået betyr at lav termisk belastning er forventet.,Το μπλε επίπεδο σημαίνει ότι προβλέπεται χαμηλή θερμική καταπόνηση,Il livello verde significa che non è previsto alcuno stress termico,"Die grüne Ebene bedeutet, dass niedrige thermische Strahlung erwartet wird.",El nivel verde significa que se pronostica un bajo estrés térmico.,Le niveau vert signifie qu'un faible stress thermique est prévu.
dash_tip_cyan,The cyan level means that moderate cold stress is expected.,"Når din score ligger i det cyan-blå område, er moderat kuldestress forventet.",The cyan level means that moderate cold stress is expected.,The cyan level means that moderate cold stress is expected.,Cyannivået betyr at det forventes moderat kuldestress.,Το κυανό επίπεδο σημαίνει ότι αναμένεται μέση θερμική καταπόνηση.,"Il livello turchese significa
che è previsto un moderato stress termico da freddo.","Das cyan Niveau bedeutet, dass moderate Kältebelastung erwartet wird.",El nivel de cian significa que se espera un estrés por frío moderado.,Le niveau cyan signifie qu'un stress hypothermique modéré est prévu.
dash_tip_blue,The blue level means that high cold stress is expected.,"Når din score ligger i det blå område, betyder det, at der er høj risiko for kuldestress.",The blue level means that high cold stress is expected.,The blue level means that high cold stress is expected.,Det blå nivået betyr at det forventes høyt kuldestress.,Το μπλε επίπεδο σημαίνει ότι αναμένεται υψηλή θερμική καταπόνηση.,"Il livello blu significa che è previsto un elevato
stress termico da freddo.","Das blaue Niveau bedeutet, dass hohe Kältebelastung erwartet wird.",El nivel azul significa que se espera un alto estrés por frío.,Le niveau bleu signifie qu'un stress hypothermique élevé est prévu.
dash_tip_windchill_1,Due to the windchill ,På grund af windchill,Due to the windchill ,Due to the windchill ,På grunn av windchill,Λόγω του κρύου αέρα,Dovuto al windchill,Wegen des Windchills,Debido al windchill,A cause de la température ressentie
dash_tip_windchill_2,there is a risk for exposed skin to freeze in,er der stor risiko for at udsat hud vil blive kritisk afkølet om,there is a risk for exposed skin to freeze in,there is a risk for exposed skin to freeze in,er det en stor risiko for at utsatt hud vil fryse om,υπάρχει κίνδυνος για το εκτεθιμένο δέρμα να παγώσει σε,"esiste il rischio di congelamento
 della pelle esposta","gibt es eine große Risiko dafür, dass exponierte Haut in",existe el riesgo de que la piel expuesta se congele en,il y a un risque pour la peau exposée de geler dans 
dash_tip_windchill_3,minutes,minutter,minutes,minutes,minutter,λεπτά,minuti,Minuten frieren wird,minutos,minutes
dash_tip_severe_cold,This level is associated with severe cold stress.,Dette niveau er forbundet med alvorlig kuldestress.,This level is associated with severe cold stress.,This level is associated with severe cold stress.,Dette nivået er assosiert med alvorlig kuldestress.,Αυτό το επίπεδο σχετίζεται με σφορδή ψυχρή καταπόνηση,"Questo livello è associato
ad un grave stress termico da freddo",Dieses Niveau wird mit ernsthafter Kältebelastung assoziiert.,Este nivel está asociado con el estrés por frío severo.,Ce niveau est associé à un stress hypothermique sévère.
dash_tip_general_1,The personalised cold stress indicator depends on the weather report as well as your personal input,Den personlige indikator for kuldestress er afhængig af vejrrapporten såvel som dit personlige input,The personalised cold stress indicator depends on the weather report as well as your personal input,The personalised cold stress indicator depends on the weather report as well as your personal input,Den personlige indikatoren for kuldestress er avhengig av værmeldingen så vel som dine personlige informasjoner,Ο προσωπικός σας δείκτης για την ψυχρή καταπόνηση εξαρτάται από το δελτίο καιρού και επίσης από τις προσωπικές πληροφορές που εισάγατε.,"L'indicatore personalizzato dello stress termico da freddo
dipende dai report meteorologici e dagli input da te inseriti",Der persönliche Indikator der Kältebelastung ist von den Wetterberichten sowohl als Ihren persönlichen Daten abhängig,El indicador personalizado de estrés por frío depende del informe meteorológico y de tu aporte personal.,L'indicateur de stress hypothermique personnalisé dépend des données météo et de vos paramètres personnels.
dash_tip_general_2,"The score will increase towards higher warning levels if the weather aggravates, your activity level decreases or your clothing level decreases","Scoren stiger mod højere advarselsniveauer, hvis vejret forværres, dit aktivitetsniveau falder eller du tager noget af dit tøj af","The score will increase towards higher warning levels if the weather aggravates, your activity level decreases or your clothing level decreases","The score will increase towards higher warning levels if the weather aggravates, your activity level decreases or your clothing level decreases","Poengsummen vil øke mot høyere advarselsnivå hvis været forverres, aktivitetsnivået ditt synker eller mengden av klær du har på blir mindre","Το σκορ θα αυξηθεί προς υψηλότερα επίπεδα προειδοποίησης αν ο καιρός επιδεινωθεί, το επίπεδο της δραστηριότητας ελλατωθεί ή ο ρουχισμός σας μειωθεί","Il punteggio aumenterà verso livelli
di avviso più elevati se il tempo peggiorerà, oppure se diminuirà la tua attività o il tuo abbigliamento  ","Wenn sich das Wetter verschlechtert, das Aktivitätsebene senkt oder Sie weniger Kleider tragen, wird die Punktzahl zu einem höheren Warnungsniveau steigen","La puntuación aumentará hacia niveles de advertencia más altos si el clima empeora, tu nivel de actividad disminuye o tu nivel de vestimenta disminuye","Le score augmentera vers des niveaux d'alerte plus élevés si la météo s'aggrave, si votre niveau d'activité diminue ou si votre niveau de protection vestimentaire diminue."
dash_tip_general_3,No special precautions are required unless you work/excercise in special settings (indoor) or with restricted ability to maintain heat,"Ingen særlige forholdsregler, medmindre du arbejder / træner i specielle omgivelser (indendørs) eller med en begrænset evne til at opretholde varmen",No special precautions are required unless you work/excercise in special settings (indoor) or with restricted ability to maintain heat,No special precautions are required unless you work/excercise in special settings (indoor) or with restricted ability to maintain heat,Ingen spesielle forholdsregler er nødvendig med mindre du jobber/trener i spesielle omgivelser (innendørs) eller med begrenset evne til å opprettholde varmen,Δεν απαιτούνται ειδικές προφυλάξεις εκτός αν εργάζεστε /ασκείστε σε ειδικές συνθήκες (εσωτερικές) ή με περιορισμένη δυνατότητα να διατηρείτε τη θερμότητα,"Non sono richieste precauzioni particolari a meno che non lavori o faccia movimento
in ambienti particolari (interni) o con ridotta abilità di mantenere il calore","Keine besonderen Maßnahmen werden benötigt, es sei denn Sie in besonderen Umgebungen (Innen) oder mit begrenztem fähigkeit die Temperatur aufrechtzuerhalten arbeiten/trainieren ",No se requieren precauciones especiales a menos que trabajes o hagas ejercicio en entornos especiales (interiores) o con capacidad restringida para mantener el calor,Aucune précaution particulière n'est requise sauf si vous travaillez/faites de l'exercice dans un environnement spécial (à l'intérieur) ou avec une capacité limitée de maintenir la chaleur
dash_tip_overdressed,"Based on the weather report it is not very warm. However, you may be overdressed for the activity level you have chosen and heat stress may occur.
","Based on the weather report it is not very warm. However, you may be overdressed for the activity level you have chosen and heat stress may occur.
","Based on the weather report it is not very warm. However, you may be overdressed for the activity level you have chosen and heat stress may occur.
","Based on the weather report it is not very warm. However, you may be overdressed for the activity level you have chosen and heat stress may occur.
","Based on the weather report it is not very warm. However, you may be overdressed for the activity level you have chosen and heat stress may occur.
","Based on the weather report it is not very warm. However, you may be overdressed for the activity level you have chosen and heat stress may occur.
","Based on the weather report it is not very warm. However, you may be overdressed for the activity level you have chosen and heat stress may occur.
","Based on the weather report it is not very warm. However, you may be overdressed for the activity level you have chosen and heat stress may occur.
","Based on the weather report it is not very warm. However, you may be overdressed for the activity level you have chosen and heat stress may occur.
","Based on the weather report it is not very warm. However, you may be overdressed for the activity level you have chosen and heat stress may occur.
"
dash_tip_normal,You should be able to maintain normal activities - but appropriate/adjusted behavior is required.,"Du burde være i stand til at opretholde normale aktiviteter, men justeret adfærd (påklædning/væskeindtagelse) kan være nødvendig",You should be able to maintain normal activities - but appropriate/adjusted behavior is required.,You should be able to maintain normal activities - but appropriate/adjusted behavior is required.,Du burde kunne opprettholde normale aktiviteter - men det krever justert oppførsel,"Θα πρέπει να είστε ικανός να διατηρήσετε τις κανονικές δραστηριότητες, αλλά η σωστή/προσαρμόσμένη συμπεριφορά είναι απαραίτητη.","Dovresti essere in grado di continuare le tue 
normali attività - però sono necessari comportamenti appropriati/adattati.","Sie sollten normale Aktivitäten aufrechterhalten können, aber es fordert ein justiertes Benehmen. ","Deberías poder mantener tus actividades normales, pero se requiere un comportamiento apropiado/ajustado.",Vous devriez être capable de maintenir des activités normales - mais un comportement approprié est requis.
dash_tip_windchill_significant_1,There is significant windchill,Der er betydelig windchill,There is significant windchill,There is significant windchill,Det er betydelig windchill,Υπάρχει σημαντικός κρύος αέρας,E' presente un significativo windchill,Es gibt ein signifikanter Windchill,Hay un windchill significativo,Il y a un refroidissement éolien significatif
dash_tip_windchill_significant_2,you should consider clothing with high wind stopping properties.,Overvej at vælge tøj der har høj evne til at bremse vind (tøj med wind-breaker egenskaber).,you should consider clothing with high wind stopping properties.,you should consider clothing with high wind stopping properties.,bør du vurdere klær med høye vindstoppende egenskaper.,Πρέπει να σκεφτείτε ένδυση με σημαντικές αντιανεμικές ιδιότητες,"dovresti utilizzare un abbigliamento 
in grado di bloccare efficacemente il vento.",Sie sollten Kleider mit windstoppenden Eigenschaften überlegen. ,Debes considerar el uso de una chaqueta cortavientos u otra ropa similar.,vous devriez envisager des vêtements avec des propriétés coupe-vent élevées.
dash_tip_increase_insulation,You should consider to increase insulation from clothing by adding layers or choosing warmer/thicker clothing.,"Du kan med fordel øge isolering fra dit tøj ved at tage flere lag på, eller vælge varmere/tykkere tøj.",You should consider to increase insulation from clothing by adding layers or choosing warmer/thicker clothing.,You should consider to increase insulation from clothing by adding layers or choosing warmer/thicker clothing.,Du bør vurdere å øke isolasjonen fra klær ved å legge til lag eller velge varmere/tykkere klær.,Πρέπει να σκεφτείς να αυξήσεις την επένδυση των ρούχων με την προσθήκη στρώσεων ή επιλέγοντας πιο ζεστή/βαριά ένδυση,"Dovresti aumentare il livello di isolamento
fornito dai tuoi vestiti, aggiungendo strati o scegliendo vestiti più caldi o più spessi.",Sie sollten es überlegen die Wärmedämmung der Kleider durch mehere Schichten oder dickere Kleider zu erhöhen. ,Debe considerar aumentar el aislamiento de la ropa agregando capas o eligiendo ropa más cálida / gruesa.,Vous devriez envisager d'augmenter votre isolation vestimentaire en ajoutant des couches ou en choisissant des vêtements plus chauds/épais.
dash_tip_extra_attention,"At this level you are recommended to pay extra attention to appropriate behavior and match clothing to the cold level and protect exposed skin. Be aware not to overdress, because sweating will cool you down.","Ved dette kulde-niveau anbefales det at være ekstra opmærksom på passende adfærd - match dit tøj til kuldestresset og beskyt udsat hud. Vær opmærksom på ikke at tage for meget tøj på, da sved køler dig ned.","At this level you are recommended to pay extra attention to appropriate behavior and match clothing to the cold level and protect exposed skin. Be aware not to overdress, because sweating will cool you down.","At this level you are recommended to pay extra attention to appropriate behavior and match clothing to the cold level and protect exposed skin. Be aware not to overdress, because sweating will cool you down.","På dette nivået anbefales du å være ekstra oppmerksom på passende oppførsel og tilpasse klær til kulden samt beskytte utsatt hud. Vær oppmerksom på å ta på for mye klær, fordi svette vil kjøle deg ned.","Σε αυτό το επίπεδο συνιστάται να δώσετε ιδιαίτερη προσοχή και να ταιριάξετε τα ρούχα με το κρύο και να προστατεύσετε το εκτεθειμένο δέρμα. Να θυμάστε να μη φορέστε πολλά ρούχα, επειδή ο ιδρώτας θα σας ρίξει τη θερμοκρασία.","A questo livello ti raccomandiamo di 
prestare particolare attenzione ad assumere i comportamenti corretti, ad adattare gli indumenti al freddo ed a proteggere la pelle esposta. Fai attenzione a non vestirti troppo, altrimenti la sudorazione abbasserà la tua temperatura.","Auf dieser Ebene wird es Ihnen empfohlen darauf außerordentich aufmerksam zu sein, dass Sie sich der Kälte entsprechend benehmen und kleiden ","En este nivel, se recomienda prestar especial atención al comportamiento apropiado, hacer coincidir la ropa con el nivel de frío y proteger la piel expuesta. Ten cuidado de no usar demasiada ropa, porque la sudoración te enfriará.","A ce niveau, il est recommandé de porter une attention particulière à un comportement approprié et d'adapter les vêtements au froid et de protéger la peau exposée. Veillez à ne pas mettre trop de vêtements, car la transpiration vous refroidira."
feedback_diff_sys_pred,Difference from system prediction,Afvigelse fra systemets værdi,Difference from system prediction,Difference from system prediction,Forskjell fra systemets verdi,Διαφορά από την πρόβλεψη του συστήματος,Differenza dalla previsione del sistema,Unterschied von Systemwert,Diferencia respecto a la predicción del sistema,Différence avec le système de prédiction
details_desc,Here we show additional information that may be useful for the experienced user.,Her vises tekniske informationer som kan være af interesse for erfarne brugere.,Here we show additional information that may be useful for the experienced user.,Here we show additional information that may be useful for the experienced user.,Her viser vi tilleggsinformasjon som kan være nyttig for den erfarne brukeren.,Εδώ θα δείξουμε περισσότερες πληροφορίες που μπορεί να είναι χρήσιμες για έναν έμπειρο χρήστη,"Qui sono presenti ulteriori 
informazioni, che potrebbero essere utili per gli utenti esperti.","Hier zeigen wir weitere Informationen, die dem Benutzer nützlich sein können",Aquí mostramos información adicional que puede ser útil para el usuario experimentado.,"Ici, nous montrons des informations supplémentaires qui peuvent être utiles à l'utilisateur expérimenté."
error_retrieve_weather,Unable to retrieve weather information.,Kunne ikke hente vejrinformationer.,Unable to retrieve weather information.,Unable to retrieve weather information.,Kunne ikke hente værinformasjon.,Αδυναμία εύρεσης πληροφοριών για το καρό,"Non in grado di recuperare
le informazioni meteo.",Wetterinformation nicht aufrufbar,No se puede recuperar la información del clima.,Echec de récupération des données météo.
feedback_adaptation_colder_warmer,Click on 'colder' or 'warmer' to adjust to your experience,Tryk på 'koldere' eller 'varmere' for at tilpasse scoren til din oplevelse,Click on 'colder' or 'warmer' to adjust to your experience,Click on 'colder' or 'warmer' to adjust to your experience,Klikk på 'kaldere' eller 'varmere' for å tilpasse hjulet til din opplevelse af været,Click on 'colder' or 'warmer' to adjust to your experience,Seleziona ‘più caldo’ o ‘più freddo’ per adeguare alla tua sensazione,"Klicken Sie auf ""kälter"" oder ""wärmer"", um Ihre Erfahrung anzupassen",Haz clic en 'más frío' o 'más cálido' para adaptarse a su experiencia,Cliquez sur 'plus froid' ou 'plus chaud' pour vous adapter à votre expérience
indoor_tips_ppd,% is satisfied with this indoor environment,% is satisfied with this indoor environment,% is tevreden met dit binnenklimaat,% is satisfied with this indoor environment,% is satisfied with this indoor environment,% is satisfied with this indoor environment,% is satisfied with this indoor environment,% is satisfied with this indoor environment,% está satisfecho con este ambiente interior,% is satisfied with this indoor environment
acknowledgement_utci,UTCI implementation used the operational procedure as published in the International Journal of Biometeorology (<a href='https://doi.org/10.1007/s00484-011-0454-1'>doi:10.1007/s00484-011-0454-1</a>). UTCI development was supported by the European Commission via EU COST Action 730.,UTCI implementation used the operational procedure as published in the International Journal of Biometeorology (<a href='https://doi.org/10.1007/s00484-011-0454-1'>doi:10.1007/s00484-011-0454-1</a>). UTCI development was supported by the European Commission via EU COST Action 730.,UTCI implementation used the operational procedure as published in the International Journal of Biometeorology (<a href='https://doi.org/10.1007/s00484-011-0454-1'>doi:10.1007/s00484-011-0454-1</a>). UTCI development was supported by the European Commission via EU COST Action 730.,UTCI implementation used the operational procedure as published in the International Journal of Biometeorology (<a href='https://doi.org/10.1007/s00484-011-0454-1'>doi:10.1007/s00484-011-0454-1</a>). UTCI development was supported by the European Commission via EU COST Action 730.,UTCI implementation used the operational procedure as published in the International Journal of Biometeorology (<a href='https://doi.org/10.1007/s00484-011-0454-1'>doi:10.1007/s00484-011-0454-1</a>). UTCI development was supported by the European Commission via EU COST Action 730.,UTCI implementation used the operational procedure as published in the International Journal of Biometeorology (<a href='https://doi.org/10.1007/s00484-011-0454-1'>doi:10.1007/s00484-011-0454-1</a>). UTCI development was supported by the European Commission via EU COST Action 730.,UTCI implementation used the operational procedure as published in the International Journal of Biometeorology (<a href='https://doi.org/10.1007/s00484-011-0454-1'>doi:10.1007/s00484-011-0454-1</a>). UTCI development was supported by the European Commission via EU COST Action 730.,UTCI implementation used the operational procedure as published in the International Journal of Biometeorology (<a href='https://doi.org/10.1007/s00484-011-0454-1'>doi:10.1007/s00484-011-0454-1</a>). UTCI development was supported by the European Commission via EU COST Action 730.,UTCI implementation used the operational procedure as published in the International Journal of Biometeorology (<a href='https://doi.org/10.1007/s00484-011-0454-1'>doi:10.1007/s00484-011-0454-1</a>). UTCI development was supported by the European Commission via EU COST Action 730.,UTCI implementation used the operational procedure as published in the International Journal of Biometeorology (<a href='https://doi.org/10.1007/s00484-011-0454-1'>doi:10.1007/s00484-011-0454-1</a>). UTCI development was supported by the European Commission via EU COST Action 730.