text_id,en,da,nl,sv,no,el,it,de,es,fr,et,ja,
str_dashboard,Dashboard,Dashboard,Dashboard,Dashboard,Dashbord,Πίνακας (εργαλείων/ενδείξεων),Dashboard,Instrumentenbrett,Tablero,Tableau de bord,Dashboard,Dashboard,
str_settings,Settings,Indstillinger,Instellingen,Inställningar,Innstillinger,Ρυθμίσεις,Impostazioni,Einstellungen,Ajustes,Paramètres,Settings,Indstillinger,
str_continue,Continue,Fortsæt,Verder,Fortsätt,Fortsett,Συνέχεια,Continua,Weitermachen,Continuar,Continuer,Continue,Fortsæt,
str_colder,colder,koldere,kouder,kallare,kaldere,Ψυχρότερο,più freddo,Kälter,Más frío,plus froid,colder,koldere,
str_warmer,warmer,varmere,warmer,varmare,varmere,Πιο ζεστό,più caldo,Wärmer,Más cálido,plus chaud,warmer,varmere,
str_ok,OK,OK,OK,OK,OK,ΟΚ,OK,O.K.,OK,OK,OK,OK,
str_choose_location,Choose location,Vælg placering,Kies locatie,Välj plats,Velg plasering,Επιλογή τοποθεσίας,Scegli la posizione,Lokalität auswählen,Elige la ubicación,Choisir emplacement,Choose location,Vælg placering,
str_personalise,personalise,personlig tilpasning,Personaliseren,Personalisera,Tilpass,Προσωποιώ,Personalizza,Anpassen,Personalizar,personnaliser,personalise,personlig tilpasning,
str_more_info,more info,mere information,Meer info,mer information,Mer informasjon,Περισσότερες πληροφορίες,Ulteriori informazioni,Weitere Information,Más información,plus d'infos,more info,mere information,
str_done,Done,Færdig,Klaar,Färdig,Ferdig,Έγινε/Ολοκληρώθηκε,Fatto,Fertig,Listo,Terminé,Done,Færdig,
str_cancel,Cancel,Afbryd,Annuleren,Avbryt,Avbryt,Ακύρωση,Cancella,Abbrechen,Cancelar,Annuler,Cancel,Afbryd,
str_set_location,Set location,Sæt placering,Stel locatie in,Sätt plats,Sett plasering,Ορίσατε τοποθεσία,Fissa la posizione,Lokalität definieren,Definir la ubicación,Définir emplacement,Set location,Sæt placering,
str_activity,Activity,Aktivitet,Activiteit,Aktivitet,Aktivitet,Δραστηριότητα,Attività,Aktivität,Actividad,Activité,Activity,Aktivitet,
str_clothing,Clothing,Beklædning,Kleding,Kläder,Antrekk,Ρουχισμός,Abbigliamento,Kleidung,Vestimenta,Vêtements,Clothing,Beklædning,
str_headgear,Headgear,Hovedbeskyttelse,Hoofdbedekking,Huvudbonad,Hodebeskyttelse,Εξοπλισμός κεφαλιού,Copricapo,Kopfbedeckung,Protector de cabeza,Chapeau,Headgear,Hovedbeskyttelse,
str_cred,Credits,Kilde,Erkenning,Medverkande,Kilde,Εύσημα/Δικαιώματα φωτογραφίας,Fonte,Quelle,Creditos,Crédits images,Credits,Kilde,
str_app_info,App information,Information,Informatie,Information,Informasjon,Πληροφορίες εφαρμογής,Informazioni,App Information,Información de la App,Information de l'app,App information,Information,
str_welcome,Welcome,Velkommen,Welkom,Välkommen,Velkommen,Καλωσήρθατε,Benvenuto,Willkommen,Bienvenido,Bienvenue,Welcome,Velkommen,
str_personal_settings,Personal settings,Personlige indstillinger,Persoonlijke instellingen,Personliga inställningar,Personlige innstillinger,Προσωπικές ρυθμίσεις,Impostazioni personali,Persönliche Einstellungen,Ajustes personales,Paramètres personnels,Personal settings,Personlige indstillinger,
str_preferences,Preferences,Foretrukne,Voorkeuren,Preferenser,Preferanser,Προτιμήσεις,Preferenze,Präferenzen,Preferencias,Préférences,Preferences,Foretrukne,
str_other,Other,Andet,Anders,Annat,Annet,Άλλο,Altro,Sonstiges,Otro,Autre,Other,Andet,
str_forecast,Forecast,Vejrudsigt,Voorspelling,Prognos,Værmelding,Δελτίο καιρού,Previsioni,Vorhersage,Pronóstico,Prévisions,Forecast,Vejrudsigt,
str_more_questions,More questions,Flere spørgsmål,Meer vragen,Fler frågor,Flere spørgsmål,Περισσότερες ερωτήσεις,Altre domande,Weitere Fragen,Más preguntas,Plus de questions,More questions,Flere spørgsmål,
str_submit_data,Submit data,Send data,Verzenden,Skicka data,Send data,Υποβολή δεδομένων,Invia dati,Daten übertragen,Presentar los datos,Soumettre les données,Submit data,Send data,
str_custom_location,Custom location,Valgfri placering,Eigen locatie,Anpassad plats,Valgfri plassering,Προσαρμοσμένη τοποθεσία,Posizionamento personalizzato,Wahlfreie Lokalität,Ubicación personalizada,Emplacement personnalisé,Custom location,Valgfri placering,
str_location,Location,Placering,Locatie,Plats,Plassering,Τοποθεσία,Posizione,Lokalität,Ubicación,Emplacement,Location,Placering,
str_disclaimer,Disclaimer,Disclaimer,Disclaimer,Villkor,Ansvarsfraskrivelse,Αποποίηση ευθυνών,Dichiarazione di non responsabilità,Verantwortungsverzicht,Descargo de responsabilidad,Avertissement,Disclaimer,Disclaimer,
str_privacy,Privacy,Datasikkerhed,Privacy,Integritet,Personvern,Ιδιωτικό απόρρητο,Privacy,Privatleben,Privacidad,Confidentialité,Privacy,Datasikkerhed,
str_details,Details,Detaljer,Details,Detaljer,Detaljer,Λεπτομέρειες,Dettagli,Detaillen,Detalles,Détails,Details,Detaljer,
str_weather,Weather,Vejr,Weer,Väder,Vær,Καιρός,Tempo atmosferico,Wetter,Tiempo meteorológico,Météo,Weather,Vejr,
str_user,User,Bruger,Gebruiker,Användare,Bruker,Χρήστης,Utente,Benutzer,Usuario,Utilisateur,User,Bruger,
str_custom,Custom,Tilpasset,Aangepast,Anpassad,Tilpasset,Προσαρμοσμένος,Posizionamento personalizzato,Angepasst,Personalizado,Habitude,Custom,Tilpasset,
str_thermostat,Thermostat,Termostat,Thermostaat,Termostat,Termostat,Θερμοστάτης,Termostato,Thermostat,Termostato,Thermostat,Thermostat,Termostat,
str_windows,Windows,Vinduer,Ramen,Fönster,Vinduer,Παράθυρα,Finestre,Fenstern,Ventanas,Fenêtres,Windows,Vinduer,
str_wind_speed,Wind speed,Vindhastighed,Windsnelheid,Vindhastighet,Vindfart,Ταχύτητα ανέμου,Velocità del vento,Windgeschwindigkeit,Velocidad del viento,Vitesse du vent,Wind speed,Vindhastighed,
str_humidity,Humidity,Luftfugtighed,Luchtvochtigheid,Luftfuktighet,Luftfuktighet,Υγρασία,Umidità,Luftfeuchtigkeit,Humedad,Humidité,Humidity,Luftfugtighed,
str_input_custom_location,Input custom location?,Angiv placering,Locatie kiezen?,Ange plats,Input plassering,Εισαγωγή προσαρμοσμένης τοποθεσίας;,Specifica il posizionamento personalizzato,Input Lokalität,Especificar la ubicación personalizada?,Entrer emplacement personnalisé ?,Input custom location?,Angiv placering,
str_current_location,Current location,Nuværende placering,Huidige locatie,Nuvarande plats,Nåværende plassering,Τρέχουσα τοποθεσία,Posizione attuale,Jetzige Lokalität,Ubicación actual,Emplacement actuel,Current location,Nuværende placering,
str_time,Time,Tid,Tijd,Tid,Klokkeslett,Ώρα,Ora,Uhrzeit,Hora,Heure,Time,Tid,
str_air_temperature,Air temperature,Lufttemperatur,Luchttemperatuur,Lufttemperatur,Luftemperatur,Θερμοκρασία αέρα,Temperatura dell'aria,Lufttemperatur,Temperatura del aire,Température de l'air,Air temperature,Lufttemperatur,
str_cloud_cover,Cloud cover,Skydække,Bewolking,Molntäcke,Skydekke,Κάλυχη από σύννεφα,Copertura nuvolosa,Wolkendecke,Cubierto de nubes,Couverture nuageuse,Cloud cover,Skydække,
str_solar_irradiation,Solar radiation,Solstråling,Zonnestraling,Solstrålning,Solbestråling,Ηλιακή ακτινοβολία,Radiazione solare,Sonnenstrahlung,Radiación solar,Rayonnement solaire,Solar radiation,Solstråling,
str_wind10,Windspeed at 10m,Vindhastighed ved 10m,Windsnelheid op 10m,Vindhastighet vid 10m,Vindfart ved 2m,Ταχύτητα ανέμου στα 10 μέτρα,Velocità del vento a 10m,Windgeschwindigkeit bei 2m,Velocidad del viento a 10m,Vitesse du vent à 10m,Windspeed at 10m,Vindhastighed ved 10m,
str_wind2,Windspeed at 2m,Vindhastighed ved 2m,Windsnelheid op 2m,Vindhastighet vid 2m,Vindfart ved 10m,ταχύτητα ανέμου στα 2 μέτρα,Velocità del vento a 2m,Windgeschwindigkeit bei 10m,Velocidad del viento a 2m,Vitesse du vent à 2m,Windspeed at 2m,Vindhastighed ved 2m,
str_globe_temperature,Globe temperature,Globetemperatur,Zwarte boltemperatuur,Globtemperatur,Klodetemperatur,Θερμοκρασία πλανήτη,Temperatura di globo,Temperatur der Erde,Temperatura de globo,Température au thermomètre-globe,Globe temperature,Globetemperatur,
str_mrt,Mean radiant temperature,Gennemsnitlig strålingstemperatur,Gemiddelde stralingstemperatuur,Medelstrålningstemperatur,Gjennomsnittlig strålingstemperatur,Μέση ακτινοβολούμενη θερμοκρασία,Temperatura media radiante,Durchschnittliche Strahlungstemperatur,Temperatura media radiante,Température radiante moyenne,Mean radiant temperature,Gennemsnitlig strålingstemperatur,
str_wbgt,WBGT,WBGT,WBGT,WBGT,WBGT,WBGT,WBGT,WBGT,WBGT (temperatura de globo y bulbo húmedo),WBGT (température au thermomètre-globe mouillé),WBGT,WBGT,
str_wbgt_effective,effective WBGT,Effektiv WBGT,WBGT effectief,Effektiv WBGT,Effektiv WBGT,WBGT αισθητή,WBGT effettiva,Effektive WBGT,WBGT effectiva,WBGT effective,effective WBGT,Effektiv WBGT,
str_aal,Average alert limit,Gennemsnitlig alarmgrænse,Gemiddelde waarschuwingslimiet,Medelvarningsgräns,Gjennomsnittlig varslingsgrense,μέσο,Limite medio di allerta,Durchschnittliche Warnungsgrenze,Límite promedio de alerta,Limite d'alerte moyenne,Average alert limit,Gennemsnitlig alarmgrænse,
str_pal,Personal alert limit,Personlig alarmgrænse,Persoonlijke waarschuwingslimiet,Personlig varningsgräns,Personlig varslingsgrense,Προσωπικός,Limite di allerta personale,Persönliche Warnungsgrenze,Límite de alerta personal,Limite d'alerte personnelle,Personal alert limit,Personlig alarmgrænse,
str_windchill,Windchill,Windchill,Gevoelstemperatuur,Vindkyla,Windchill,Κρύος αέρας,Windchill,Windchill,Windchill,Refroidissement éolien,Windchill,Windchill,
str_mr,Metabolic rate,Stofskifte,Warmteproductie,Metabolism,Metabolsk nivå,Ρυθμός μεταβολισμού,Tasso metabolico,Metabolisches Niveau,Tasa metabólica,Métabolisme,Metabolic rate,Stofskifte,
str_surface_area,Surface area,Overfladeareal,Lichaamsoppervlak,Kroppsyta,Flateareal,Έκταση της επιφάνειας,Area superficiale,Oberflächeninhalt,Área superficial,Superficie,Surface area,Overfladeareal,
str_clo,Clothing insulation,Beklædningsisolans,Kledingisolatie,Klädesisolering,Klesisolasjon,Επένδυση ρούχων,Isolamento dell'abbigliamento,Wärmedämmung der Kleider,Aislamiento de vestimenta,Isolation vestimentaire,Clothing insulation,Beklædningsisolans,
str_wind_permeability,Wind permeability,Beklædningens luftgennemtrængelighed,Winddoorlaatbaarheid,Vindpermeabilitet,Vindpermeabilitet,Διαπερατότητα αέρα,Permeabilità al vento,Windpermeabilität,Permeabilidad al viento,Perméabilité au vent,Wind permeability,Beklædningens luftgennemtrængelighed,
str_evaporative_permeability,Evaporative permeability,Fordampningpermeabilitet,Dampdoorlaatbaarheid,Fuktpermeabilitet,Fordampnings permeabilitet,Διαπερατότητα εξάτμισης,Permeabilità all'evaporazione,Verdampfungspermeabilität,Permeabilidad a la evaporación,Perméabilité à l'eau,Evaporative permeability,Fordampningpermeabilitet,
str_wbgt_iso,Wet Bulb Globe Temperature (WBGT ISO 07243),Wet Bulb Globe Temperature (WBGT ISO07243),Wet Bulb Globe Temperature (WBGT ISO07243),Wet Bulb Globe Temperature (WBGT ISO 07243),Wet Bulb Globe Temperature (WBGT ISO07243),θερμοκρασία θερμομέτρου μαύρης σφαίρας,Temperatura globo bulbo umido (WBGT ISO 07243),Wet Bulb Globe Temperature (WBGT ISO 07243),Temperatura de globo y bulbo húmedo (WBGT ISO 07243),Température au thermomètre-globe mouillé (WBGT ISO 07243),Wet Bulb Globe Temperature (WBGT ISO 07243),Wet Bulb Globe Temperature (WBGT ISO07243),
str_phs_iso,Heat Strain (PHS ISO07933),Varmestress (PHS ISO07933),Hitte stress (PHS ISO07933),Värmestresss (PHS ISO07933),Varmestress,Θερμικές τάσεις (PHS ISO07933),Tensione termica (PHS ISO07933),Hitzeebelastung (PHS ISO07933),Tensión térmica (PHS ISO07933),Contrainte thermique (PHS ISO07933),Heat Strain (PHS ISO07933),Varmestress (PHS ISO07933),
str_windchill_jagti,Exposed skin - Windchill (JAG/TI),Udækket hud - Windchill (JAG/TI),Blootgestelde huid - Gevoelstemperatuur (JAG/TI),Utsatt hud - Vindkyla (JAG/TI),Utsatt hud - windchill (JAG/TI),Εκτεθημένο δέρμα - Windchill (Ψυχρός αέρας) (JAG/TI),Pelle esposta - Windchill (JAG/TI),Exponierte Haut - Windchill (JAG/TI),Piel expuesta - Windchill (JAG/TI),Peau exposée - Température ressentie (JAG/TI),Exposed skin - Windchill (JAG/TI),Udækket hud - Windchill (JAG/TI),
str_ireq_iso,Body temperature - Cold stress (IREQ ISO11079),Kropstemperatur - kuldestress (IREQ ISO11079),Lichaamstemperatuur - Koude stress (IREQ ISO11079),Kroppstemperatur - kylstress (IREQ ISO11079),Kroppstemperatur,Θερμοκρασία σώματος - Ψυχρή καταπόνηση (IREQ ISO11079),Temperatura corporea - Stress termico da freddo (IREQ ISO11079),Körpertemperatur - Kältebelastung (IREQ ISO11079),Temperatura corporal - Estrés térmico al frío (IREQ ISO11079),Température corporelle - Hypothermie (IREQ IS011079),Body temperature - Cold stress (IREQ ISO11079),Kropstemperatur - kuldestress (IREQ ISO11079),
str_min_cloth_level,minimal clothing level,Minimal beklædningsisolans,Minimale kledingsniveau,Minimal klädesnivå,Minimalt klesnivå,ελάχιστο επίπεδο ρουχισμού,Livello di abbigliamento minimo,Minimales Kleidungsniveau,Nivel mínimo de vestimenta,niveau de protection vestimentaire minimal,minimal clothing level,Minimal beklædningsisolans,
str_max_cloth_level,maximal clothing level,Maksimal beklædningsisolans,Maximale kledingsniveau,Maximal klädesnivå,Maksimalt klesnivå,μέγιστο επίπεδο ρουχισμού,Livello di abbigliamento massimo,Maximales Kleidungsniveau,Nivel máximo de vestimenta,niveau de protection vestimentaire maximal,maximal clothing level,Maksimal beklædningsisolans,
str_weather_report,weather report,Vejrudsigt,Weerbericht,Väderrapport,Værmelding,Δελτίο καιρού,Relazione meteo,Wetterbericht,Reporte meteorológico,bulletin météo,weather report,Vejrudsigt,
str_indoor_outdoor_mode,intentionally left blank,intentionally left blank,intentionally left blank,intentionally left blank,intentionally left blank,intentionally left blank,intentionally left blank,intentionally left blank,intentionally left blank,intentionally left blank,intentionally left blank,intentionally left blank,
str_indoor,Indoor,Indendørs,Binnen,Inomhus,Innendørs,Εσωτερικός,Interno,Innen,Interior,Intérieur,Indoor,Indendørs,
str_outdoor,Outdoor,Udendørs,Buiten,Utomhus,Utendørs,Εξωτερικός,Esterno,Außen,Exterior,Extérieur,Outdoor,Udendørs,
str_wind,Wind,Vind,Wind,Vind,Vind,Άνεμος,Vento,Wind,Viento,Vent,Wind,Vind,
str_update_weather,update weather,opdatér vejrudsigt,Verversen,Uppdatera väder,oppdater vær,Ανανέωση καιρού,aggiorna meteo,wetter aktualisieren,Actualizar el clima,mise à jour météo,update weather,opdatér vejrudsigt,
str_age,Age,Alder,Leeftijd,Ålder,Alder,Ηλικία,Età,Alter,Edad,Âge,Age,Alder,
str_height,Height,Højde,Lengte,Längd,Høyde,Ύψος,Altezza,Höhe,Altura,Taille,Height,Højde,
str_weight,Weight,Vægt,Gewicht,Vikt,Vekt,Βάρος,Peso,Gewicht,Peso,Poids,Weight,Vægt,
str_gender,Sex,Køn,Geslacht,Kön,Kjønn,Φύλο,Genere,Geschlecht,Sexo,Sexe,Sex,Køn,
str_acclimatization,Heat acclimatized,Heat acclimatized,Geacclimatiseerd aan hitte,Värmeacklimatiserad,Heat acclimatized,Heat acclimatized,Heat acclimatized,Heat acclimatized,Heat acclimatized,Heat acclimatized,Heat acclimatized,Heat acclimatized,
str_advanced_personalization,Advanced personalisation,Individualisering (avancerede indstillinger),Geavanceerde instellingen,Avancerad personalisering,Avansert tillpasning,Προχωρημένη εξατομίκευση,Personalizzazione avanzata,Fortschrittliche anpassung,Personalización avanzada,Personnalisation avancée,Advanced personalisation,Individualisering (avancerede indstillinger),
str_reset_preferences,Reset preferences,Nulstil foretrukne,Herstel instellingen,Återställ preferenser,Tilbakestill foretrukne,Επαναφορά προτιμήσεων,Resettare preferenze,Nullstellung der Präferenzen,Restaurar preferencias,Réinitialiser préférences,Reset preferences,Nulstil foretrukne,
str_unit_of_measurement,Units of measurement,Måleenheder,Eenheden,Enheter,Måleenheter,Μονάδα μέτρησεις,Unità di misura,Maßeinheit,Unidad de medida,Unité de mesure,Units of measurement,Måleenheder,
str_unit,Units,Enhed,Eenheid,Enhet,Enhet,Μονάδα,Unità,Einheit,Unidad,Unité,Units,Enhed,
str_units,Units,Enheder,Eenheden,Enheter,Enheter,Μονάδες,Unità,Einheiten,Unidades,Unités,Units,Enheder,
str_notifications,Notifications,Notifikationer,Notificaties,Notifikationer,Varslinger,Ειδοποιήσεις (δε λειτουργεί ακόμα),Notifiche,Benachrichtigung (Funktioniert noch nicht),Notificaciones,Notifications (pas encore fonctionnelles),Notifications,Notifikationer,
str_about,About,Om,Over,Om,Om,Σχετικά με/ Περί,Ulteriori informazioni,Um,Acerca,A propos,About,Om,
str_disclaimer_and_privacy,Disclaimer & privacy,Disclaimer og datahåndtering,Disclaimer & privacy,Villkor & integritet,Ansvarsfraskrivelse og personvern,Όροι χρήσης & προσωπικό απόρρητο,Dichiarazione di non responsabilità & privacy,Verantwortungsverzicht & Privatleben,Descargo de responsabilidad y privacidad,Averetissement & confidentialité,Disclaimer & privacy,Disclaimer og datahåndtering,
str_new_location,New location,Ny placering,Nieuwe locatie,Ny plats,Ny plassering,Νέα τοποθεσία,Nuova posizione,Neue Lokalität,Nueva ubicación,Nouvel emplacement,New location,Ny placering,
str_era4cs,What is the ERA4CS project?,Hvad er ERA4CS-projektet?,Wat is het ERA4CS project,Vad är ERA4CS-projektet?,Hva er ERA4CS-prosjektet?,Ποιο είναι το πρόγραμμα ERA4CS,Cos'è il progetto ERA4CS?,Was ist das ERA4CS-Projekt?,¿Qué es el proyecto ERA4CS?,Qu'est-ce que le projet ERA4CS ?,What is the ERA4CS project?,Hvad er ERA4CS-projektet?,
str_possible_heat_stress,possible heat stress,muligt varmestress,Mogelijk thermische stress,Möjlig värmestress,Mulig varmestress,possible heat stress,Possibile stress termico da caldo,Mögliche Hitzebelastung,posible estrés por calor,possible heat stress,possible heat stress,muligt varmestress,
str_no_stress,Low risk for thermal strain,Low risk for temperature issues,Laag risico,Låg risk för temperaturproblem,Low risk for temperature issues,Low risk for temperature issues,Low risk for temperature issues,Low risk for temperature issues,Low risk for temperature issues,Low risk for temperature issues,Low risk for temperature issues,Low risk for temperature issues,Low risk for temperature issues
str_cold_minor,Rising cold risk,Rising cold risk,Stijgend risico voor koude,Ökande risk för kyla,Rising cold risk,Rising cold risk,Rising cold risk,Rising cold risk,Rising cold risk,Rising cold risk,Rising cold risk,Rising cold risk,Rising cold risk
str_cold_significant,High cold risk,High cold risk,Hoog risico voor koude,Hög risk för kyla,High cold risk,High cold risk,High cold risk,High cold risk,High cold risk,High cold risk,High cold risk,High cold risk,High cold risk
str_cold_high,Very high cold risk,Very high cold risk,Zeer hoog risico voor koude,Väldigt hög risk för kyla,Very high cold risk,Very high cold risk,Very high cold risk,Very high cold risk,Very high cold risk,Very high cold risk,Very high cold risk,Very high cold risk,Very high cold risk
str_cold_severe,Severe cold issues imminent,Extreme cold issues imminent,Extreme koude problemen waarschijnlijk,Extrema köldproblem överhängande,Extreme cold issues imminent,Extreme cold issues imminent,Extreme cold issues imminent,Extreme cold issues imminent,Extreme cold issues imminent,Extreme cold issues imminent,Extreme cold issues imminent,Extreme cold issues imminent,Extreme cold issues imminent
str_cold_extreme,Unbearable cold issues imminent,Unbearable cold issues imminent,Ondragelijke kou,Outhärdliga köldproblem överhängande,Unbearable cold issues imminent,Unbearable cold issues imminent,Unbearable cold issues imminent,Unbearable cold issues imminent,Unbearable cold issues imminent,Unbearable cold issues imminent,Unbearable cold issues imminent,Unbearable cold issues imminent,Unbearable cold issues imminent
str_heat_minor,Rising heat risk,Rising heat risk,Stijgend risico voor hitte problemen,Ökande risk för värme,Rising heat risk,Rising heat risk,Rising heat risk,Rising heat risk,Rising heat risk,Rising heat risk,Rising heat risk,Rising heat risk,Rising heat risk
str_heat_significant,High heat risk,High heat risk,Hoog risico voor hitte problemen,Hög risk för värme,High heat risk,High heat risk,High heat risk,High heat risk,High heat risk,High heat risk,High heat risk,High heat risk,High heat risk
str_heat_high,Very high heat risk,Very high heat risk,Zeer hoog risico voor hitte problemen,Väldigt hög risk för värme,Very high heat risk,Very high heat risk,Very high heat risk,Very high heat risk,Very high heat risk,Very high heat risk,Very high heat risk,Very high heat risk,Very high heat risk
str_heat_severe,Severe heat issues imminent,Extreme heat issues imminent,Extreme hitte problemen waarschijnlijk,Extrema värmeproblem överhängande,Extreme heat issues imminent,Extreme heat issues imminent,Extreme heat issues imminent,Extreme heat issues imminent,Extreme heat issues imminent,Extreme heat issues imminent,Extreme heat issues imminent,Extreme heat issues imminent,Extreme heat issues imminent
str_heat_extreme,Unbearable heat issues imminent,Unbearable heat issues imminent,Ondragelijke hitte,Outhärdliga värmeproblem överhängande,Unbearable heat issues imminent,Unbearable heat issues imminent,Unbearable heat issues imminent,Unbearable heat issues imminent,Unbearable heat issues imminent,Unbearable heat issues imminent,Unbearable heat issues imminent,Unbearable heat issues imminent,Unbearable heat issues imminent
str_tomorrow,tomorrow,I morgen,morgen,Imorgon,I morgen,αύριο,domani,Morgen,Mañana,demain,tomorrow,I morgen,
weather_sunny_clear,"Sunny, clear sky","Sol, klar himmel","Zonnig, heldere hemel","Soligt, klar himmel","Sol, klar himmel","ηλιόλουστος, καθαρός ουρανός","Sereno, cielo limpido","Sonne, wolkenlos","Soleado, cielo claro","Ensoleillé, ciel dégagé","Sunny, clear sky","Sol, klar himmel",
weather_broken_clouds,Broken clouds,Delvis skyet,Licht bewolkt,Molnigt,Delvis skyet,αραιή συννεφιά,Parzialmente nuvoloso,Teilweis bewölkt,Nubes dispersas,Nuages clairsemés,Broken clouds,Delvis skyet,
weather_overcast_clouds,Overcast,Overskyet,Bewolkt,Mulet,Overskyet,πυκνή συννεφιά,Cielo coperto,Bewölkt,Cielo cubierto con nubes,Ciel couvert,Overcast,Overskyet,
weather_light_rain,Light rain,Let regn,Lichte regen,Duggregn,Lett regn,Ελαφριά βροχή,Pioggia leggera,Leichter Regen,Lluvia ligera,Pluie faible,Light rain,Let regn,
weather_light_rain_overcast,"Light rain, overcast","Let regn, overskyet","Lichte regen, bewolkt","Duggregn, mulet","Lett regn, overskyet","Ελαφριά βροχή, συννεφιά","Pioggia leggera, coperto","Leichter Regen, bewölkt","Lluvia ligera, nublado","Pluie faible, couvert","Light rain, overcast","Let regn, overskyet",
weather_shower_rain,Showers,Tung regn,Regen,Skyfall,Tung regn,Ψιλόβροχο,Acquazzone,Starker Regen,Aguacero,Averses,Showers,Tung regn,
weather_clear,Clear sky,Klart,Heldere hemel,Klart,Klart,Καθαρός ουρανός,Cielo limpido,Klarer Himmel,Cielo claro,Ciel dégagé,Clear sky,Klart,
indoor_open_windows,Open doors/windows,Åbne vinduer,Ramen open,Öppna fönster,Åpne vinduer,Ανοικτά παράθυρα,Finestre aperte,Offene Fenster,Ventanas abiertas,Fenêtres ouvertes,Open doors/windows,Åbne vinduer,
indoor_no_open_windows,No open doors/windows,Ingen åbne vinduer,Ramen dicht,Inga öppna fönster,Ingen åpne vinduer,Κλειστά παράθυρα,Nessuna finestra aperta,Keine offenen Fenstern,Ventanas cerradas,Pas de fenêtres ouvertes,No open doors/windows,Ingen åbne vinduer,
str_yes,Yes,Ja,Ja,Ja,Ja,Ναι,Sì,Ja,Si,Oui,Yes,Ja,
str_no,No,Nej,Nee,Nej,Nei,Όχι,No,Nein,No,Non,No,Nej,
str_saved_location,Saved location,Gemt placering,Opgeslagen locatie,Sparad plats,Lagret plassering,Αποθηκευμένη τοποθεσία,Posizione salvata,Gelagerte Lokalitäten,Ubicación guardada,Emplacement enregistré,Saved location,Gemt placering,
str_years,years,år,jaar,År,år,χρόνια,Anni,Jahre,Años,années,years,år,
str_activity_level,Activity level,Aktivitetsniveau,Activiteitsniveau,Aktivitetsnivå,Aktivitetsnivå,Επίπεδο δραστηριότητας,Livello di attività,Aktivitätsebene,Nivel de actividad,Niveau d'activité,Activity level,Aktivitetsniveau,
str_clothing_level,Clothing level,Beklædningsniveau,Kledingsniveau,Klädesnivå,Klesmengde,Επίπεδο ρουχισμού,Livello di abbigliamento,Kleidungsniveau,Nivel de vestimenta,Niveau de protection vestimentaire,Clothing level,Beklædningsniveau,
str_try_again,Try again?,Prøv igen?,Opnieuw?,Försök igen?,Prøve igjen?,Προσπαθήστε ξανά;,Provare ancora?,Noch mal versuchen?,¿Volver a probar?,Réessayer ?,Try again?,Prøv igen?,
str_app_version,App version,App version,App versie,Appversion,Appversjon,Έκδοση εφαρμογής,Versione dell'app,Appversion,Versión de la App,Version de l'app,App version,App version,
str_kb_version,Knowledgebase version,Version af database,Kennisbasis versie,Version av kunskapsbas,Versjon av kunnskapsbase,Knowledgebase έκδοση,Database,Version der Wissensbase,Versión de la base del conocimiento,Version de la base de connaissances,Knowledgebase version,Version af database,
str_male,Male,Mand,Man,Man,Mann,Άντρας,Maschio,Mann,Masculino,Homme,Male,Mand,
str_female,Female,Kvinde,Vrouw,Kvinna,Kvinne,Γυναίκα,Femmina,Frau,Femenino,Femme,Female,Kvinde,
str_your_predicted_score,Your predicted score,Din estimeredescore,Voorspelde score,Ditt förväntade värde,Din forutsagte verdi,Η προβλεπόμενη βαθμολογία σας,Il tuo punteggio previsto,Ihre vorausgesate Punktzahl,Su puntaje predicho,Votre score attendu,Your predicted score,Din estimeredescore,
str_personal,Personal,Personlig,Persoonlijk,Personlig,Personlig,Προσωπικός,Personale,Persönlich,Personal,Personnel,Personal,Personlig,
str_alert_level,alert limit,alarmgrænse,waarschuwingslimiet,Varningsgräns,Alarmgrense,όριο ασφάλειας,limite di allerta,Alarmgrenze,Límite de alerta,limite d'alerte,alert limit,alarmgrænse,
str_use_indoor_mode,Use indoor mode?,Slå indendørtilstand til?,Voor binnen gebruiken?,Använda inomhusläget?,Bruk innemodus?,Χρήση εσωτερικής λειτουργίας;,Utilizzare la modalità interna?,Innenmodus anwenden?,¿Usar modo interior?,Utiliser le mode intérieur ?,Use indoor mode?,Slå indendørtilstand til?,
str_cold_index,ClimApp Index,ClimApp temp Indeks,Climapp Index,Kylindex,ClimApp Index,Cold index,ClimApp Index,ClimApp Index,ClimApp Index,ClimApp Index,ClimApp Index,ClimApp temp Indeks,
str_heat_index,ClimApp Index,ClimApp temp Indeks,Climapp Index,Värmeindex,ClimApp Index,Heat index,ClimApp Index,ClimApp Index,ClimApp Index,ClimApp Index,ClimApp Index,ClimApp temp Indeks,
str_indoor_temperature,Indoor temperature,Indendørs Temperatur,Binnen temperatuur,Inomhustemperatur,Temperature,Temperature,Temperatura interna,Innentemperatur,Temperatura interior,Temperature,Indoor temperature,Indendørs Temperatur,
str_temperature,Temperature,Temperatur,Temperatuur,Temperatur,Temperature,Temperature,Temperatura,Temperature,Temperatura,Temperature,Temperature,Temperatur,
str_utci,Universal Thermal Climate Index,Universal Thermal Climate Index,Universal Thermal Climate Index,Universal Thermal Climate Index,Universal Thermal Climate Index,Universal Thermal Climate Index,Indice Universale del Clima Termico (UTCI),Universeller Thermischer Klimaindex,Índice Universal del Clima Térmico,Universal Thermal Climate Index,Universal Thermal Climate Index,Universal Thermal Climate Index,
str_research_label,Research,Research,Onderzoek,Forskning,Forskning,Research,Ricerca,Erforschung,Investigación,Research,Research,Research,
str_climapp_id,ClimApp ID,ClimApp ID,ClimApp ID,ClimApp ID,ClimApp ID,ClimApp ID,ClimApp ID,ClimApp ID,ClimApp ID,ClimApp ID,ClimApp ID,ClimApp ID,
str_research,Research,Research,Onderzoek,Forskning,Research,Research,Ricerca,Forschung,Investigación,Research,Research,Research,
str_submit_research_data_point,Submit current values,indsend dine nuværende værdier,Datapunt uploaden,Skicka nuvarande värden,Send disse værdiene,Submit current values,Inviare i valori attuali,Aktuelle Werte einreichen,Enviar valores actuales,Submit current values,Submit current values,indsend dine nuværende værdier,
str_work,Work,arbejde,Werk,Arbete,Jobb,Work,Lavoro,Arbeit,Trabajo,Work,Work,arbejde,
str_elderly,Seniors,Ældre,Senioren,Seniorer,Seniorer,Elderly,Anziani,Senioren und Seniorinnen,Ancianos,Elderly,Seniors,Ældre,
str_children,Children,Børn,Kinderen,Barn,Barn,Children,Bambini,Kinder,Niños,Children,Children,Børn,
str_menu_hydration,Hydration,Hydrering/væskebalance,Drinken,Hydrering/vätskebalans,Hydrering/veskebalanse,Hydration,Idratazione,Hydration,Hidratación,Hydration,Hydration,Hydrering/væskebalance,
str_menu_measures,Measures,Målinger,Maatregelen,Åtgärder,Målinger,Measures,Misure,Messungen,Medidas,Measures,Measures,Målinger,
str_indoor_environment,Indoor environment,Indeklima,Binnenklimaat,Inomhusklimat,Innemiljø,Indoor environment,Ambiente interno,Raumklima,Ambiente interior,Indoor environment,Indoor environment,Indeklima,
str_current,Current estimate,Current estimate,Huidige voorspelling,Nuvarande uppskattning,Current estimate,Current estimate,Current estimate,Current estimate,Current estimate,Current estimate,Current estimate,Current estimate,
str_current_advanced,Advanced,Advanced,Gevorderd,Avancerad,Advanced,Advanced,Advanced,Advanced,Advanced,Advanced,Advanced,Advanced,
str_peak,Expected high,Expected high,Verwacht hoog,Förväntad hög,Expected high,Expected high,Expected high,Expected high,Expected high,Expected high,Expected high,Expected high,
str_nadir,Expected low,Expected low,Verwacht laag,Förväntad låg,Expected low,Expected low,Expected low,Expected low,Expected low,Expected low,Expected low,Expected low,
str_profile,Profile,Profile,Profiel,Profil,Profile,Profile,Profile,Profile,Profile,Profile,Profile,Profile,
str_personal,Personal,Personal,Persoonlijk,Personlig,Personal,Personal,Personal,Personal,Personal,Personal,Personal,Personal,
str_group,Group,Group,Groep,Grupp,Group,Group,Group,Group,Group,Group,Group,Group,
str_customisation,Customisation,Customisation,Aanpassing,Anpassning,Customisation,Customisation,Customisation,Customisation,Customisation,Customisation,Customisation,Customisation,
str_info,Body,Body,Lichaam,Kropp,Body,Body,Body,Body,Body,Body,Body,Body,
str_perception,Perception,Perception,Perceptie,Uppfattning,Perception,Perception,Perception,Perception,Perception,Perception,Perception,Perception,
str_just_right,Just right,Just right,Precies goed,Precis rätt,Just right,Just right,Just right,Just right,Just right,Just right,Just right,Just right,
str_questionnaire,Link to questionnaire,Link to questionnaire,Link to questionnaire,Länk till enkät,Link to questionnaire,Link to questionnaire,Link to questionnaire,Link to questionnaire,Link to questionnaire,Link to questionnaire,Link to questionnaire,Link to questionnaire,
str_research_consent,"In order to participate in research, a researcher may need your ClimApp ID. If you give your ClimApp ID to the researcher you consent that your data can be used for research purposes. Please consult your contact person for more details.",for at forbedre (den forskningsmæssige) kvalitet beder vi om lov til at gemme din ClipApp id (bliver anonymiseret og kun brugt til forskningsmæssigt brug),"Om mee te doen met onderzoek kan een onderzoeker je ClimApp ID nodig hebben. Door het ClimApp ID aan de onderzoeker te geven stem je in met het gebruik van je data voor onderzoeksdoeleinden. Individuele data zullen nooit gepubliceerd worden.
 Voor meer vragen kun je bij je contactpersoon terecht.",För att delta i forskning kan en forskare behöva ditt ClimApp ID. Ifall du ger ditt ClimApp ID till forskaren så godkänner du att din data kan användas för forskningsändamål. Vänligen konsultera din kontaktperson för fler detaljer.,"For å delta i forskning, kan en forsker ha bruk for ClimApp-ID'et ditt. Hvis du gjir ClimApp-ID'et ditt til en forsker, godtar du at dataene dine blir brukt til forskningsformål. Vær vennlig å ta kontakt til kontaktpersonen din, for å høre mere.","In order to participate in research, a researcher may need your ClimApp ID. If you give your ClimApp ID to the researcher you consent that your data can be used for research purposes. Please consult your contact person for more details.","Per poter partecipare alla ricerca, un ricercatore potrebbe aver bisogno del tuo ClimApp ID. Se fornisci il tuo ClimApp ID al ricercatore, acconsenti all’utilizzo dei tuoi dati per fini di ricerca. Per favore, consulta il tuo contatto per maggiori dettagli.","Eine Forscherin oder ein Forscher benötigt möglicherweise Ihre ClimApp ID um an der Forschung teilnehmen zu können. Wenn Sie der Forscherin oder dem Forscher Ihre ClimApp ID übergeben, stimmen Sie zu, dass Ihre Daten für Forschungszwecke angewendet werden können. Kontaktieren Sie bitte Ihre Kontaktperson, um weitere Informationen zu erhalten.","Para participar en la investigación, un investigador puede necesitar tu ClimApp ID. Si le das tu ID de ClimApp al investigador, aceptas que tus datos se puedan utilizar para fines de investigación. Por favor, consulta a tu persona de contacto para más detalles.","In order to participate in research, a researcher may need your ClimApp ID. If you give your ClimApp ID to the researcher you consent that your data can be used for research purposes. Please consult your contact person for more details.","In order to participate in research, a researcher may need your ClimApp ID. If you give your ClimApp ID to the researcher you consent that your data can be used for research purposes. Please consult your contact person for more details.",for at forbedre (den forskningsmæssige) kvalitet beder vi om lov til at gemme din ClipApp id (bliver anonymiseret og kun brugt til forskningsmæssigt brug),